{"cameraMode":{"drawMode":0,"name":"Shaded","section":"Shading Mode"},"sceneLighting":true,"audioPlay":false,"sceneViewState":{"m_AlwaysRefresh":false,"showFog":true,"showSkybox":true,"showFlares":true,"showImageEffects":true,"showParticleSystems":true,"showVisualEffectGraphs":true,"m_FxEnabled":true},"in2DMode":false,"pivot":{"x":2.0651872158050539,"y":-0.398143470287323,"z":-10.58431339263916},"rotation":{"x":-0.058104824274778369,"y":-0.8802081942558289,"z":0.11177381873130799,"w":-0.45756807923316958},"size":8.749260902404786,"orthographic":false}