{"cameraMode":{"drawMode":0,"name":"Shaded","section":"Shading Mode"},"sceneLighting":true,"audioPlay":false,"sceneViewState":{"m_AlwaysRefresh":false,"showFog":true,"showSkybox":true,"showFlares":true,"showImageEffects":true,"showParticleSystems":true,"showVisualEffectGraphs":true,"m_FxEnabled":true},"in2DMode":false,"pivot":{"x":7.093121528625488,"y":10.418388366699219,"z":-8.48169231414795},"rotation":{"x":0.16092726588249207,"y":0.49120867252349856,"z":-0.09289015084505081,"w":0.8509927988052368},"size":6.0097455978393559,"orthographic":true}